{"cameraMode":{"drawMode":0,"name":"Shaded","section":"Shading Mode"},"sceneLighting":false,"audioPlay":false,"sceneViewState":{"showFog":true,"showMaterialUpdate":false,"showSkybox":true,"showFlares":true,"showImageEffects":true,"showParticleSystems":true},"in2DMode":false,"pivot":{"x":2.4673423767089845,"y":-2.5353171825408937,"z":-5.2541608810424809},"rotation":{"x":0.057712797075510028,"y":0.9381031394004822,"z":-0.2828165590763092,"w":0.19143304228782655},"size":11.971145629882813,"orthographic":false}