{"cameraMode":{"drawMode":0,"name":"Shaded","section":"Shading Mode"},"sceneLighting":false,"audioPlay":false,"sceneViewState":{"showFog":true,"showMaterialUpdate":false,"showSkybox":true,"showFlares":true,"showImageEffects":true,"showParticleSystems":true},"in2DMode":false,"pivot":{"x":0.46568936109542849,"y":3.0979080200195314,"z":0.1689598560333252},"rotation":{"x":-0.01222127117216587,"y":-0.9481112360954285,"z":0.31557515263557436,"w":-0.03671712428331375},"size":5.052013874053955,"orthographic":false}