{"cameraMode":{"drawMode":0,"name":"Shaded","section":"Shading Mode"},"sceneLighting":false,"audioPlay":false,"sceneViewState":{"showFog":true,"showMaterialUpdate":false,"showSkybox":true,"showFlares":true,"showImageEffects":true,"showParticleSystems":true},"in2DMode":false,"pivot":{"x":3.2783267498016359,"y":-1.3635121583938599,"z":-0.30161166191101076},"rotation":{"x":-0.05386916920542717,"y":-0.9132680892944336,"z":0.12852397561073304,"w":-0.3827808201313019},"size":8.79161262512207,"orthographic":false}