{"cameraMode":{"drawMode":0,"name":"Shaded","section":"Shading Mode"},"sceneLighting":false,"audioPlay":false,"sceneViewState":{"showFog":true,"showMaterialUpdate":false,"showSkybox":true,"showFlares":true,"showImageEffects":true,"showParticleSystems":true},"in2DMode":false,"pivot":{"x":6.148207664489746,"y":0.7129420042037964,"z":5.492368221282959},"rotation":{"x":0.14343281090259553,"y":0.80460125207901,"z":-0.21603478491306306,"w":0.534203052520752},"size":4.291041374206543,"orthographic":false}