{"cameraMode":{"drawMode":0,"name":"Shaded","section":"Shading Mode"},"sceneLighting":false,"audioPlay":false,"sceneViewState":{"showFog":true,"showMaterialUpdate":false,"showSkybox":true,"showFlares":true,"showImageEffects":true,"showParticleSystems":true},"in2DMode":false,"pivot":{"x":1.978617548942566,"y":1.1304059028625489,"z":-1.1680668592453004},"rotation":{"x":0.11136800795793534,"y":0.7916780114173889,"z":-0.1516900658607483,"w":0.5812342762947083},"size":5.635534763336182,"orthographic":false}