{"cameraMode":{"drawMode":0,"name":"Shaded","section":"Shading Mode"},"sceneLighting":false,"audioPlay":false,"sceneViewState":{"showFog":true,"showMaterialUpdate":false,"showSkybox":true,"showFlares":true,"showImageEffects":true,"showParticleSystems":true},"in2DMode":false,"pivot":{"x":0.619999885559082,"y":2.856874704360962,"z":0.06261599063873291},"rotation":{"x":-0.009144137613475323,"y":-0.9764230847358704,"z":0.21149998903274537,"w":-0.042214829474687579},"size":14.907666206359864,"orthographic":false}