{"cameraMode":{"drawMode":0,"name":"Shaded","section":"Shading Mode"},"sceneLighting":false,"audioPlay":false,"sceneViewState":{"showFog":true,"showMaterialUpdate":false,"showSkybox":true,"showFlares":true,"showImageEffects":true,"showParticleSystems":true},"in2DMode":false,"pivot":{"x":0.19288161396980287,"y":1.9654592275619507,"z":0.6954319477081299},"rotation":{"x":-0.0020477522630244495,"y":-0.9845174551010132,"z":0.17489542067050935,"w":-0.011526525020599366},"size":2.308340072631836,"orthographic":false}