{"cameraMode":{"drawMode":0,"name":"Shaded","section":"Shading Mode"},"sceneLighting":false,"audioPlay":false,"sceneViewState":{"showFog":true,"showMaterialUpdate":false,"showSkybox":true,"showFlares":true,"showImageEffects":true,"showParticleSystems":true},"in2DMode":false,"pivot":{"x":5.278406620025635,"y":-0.3393869698047638,"z":-1.1205037832260132},"rotation":{"x":-0.014464200474321843,"y":-0.8279333710670471,"z":0.021374976262450219,"w":-0.560232400894165},"size":7.312771797180176,"orthographic":false}