{"cameraMode":{"drawMode":0,"name":"Shaded","section":"Shading Mode"},"sceneLighting":true,"audioPlay":false,"sceneViewState":{"showFog":true,"showMaterialUpdate":false,"showSkybox":true,"showFlares":true,"showImageEffects":true,"showParticleSystems":true},"in2DMode":false,"pivot":{"x":3.5882349014282228,"y":0.5591900944709778,"z":2.06856369972229},"rotation":{"x":-0.09682578593492508,"y":-0.8011361956596375,"z":0.13490481674671174,"w":-0.5749838352203369},"size":5.671389102935791,"orthographic":false}