{"cameraMode":{"drawMode":0,"name":"Shaded","section":"Shading Mode"},"sceneLighting":false,"audioPlay":false,"sceneViewState":{"showFog":true,"showMaterialUpdate":false,"showSkybox":true,"showFlares":true,"showImageEffects":true,"showParticleSystems":true},"in2DMode":false,"pivot":{"x":2.6677663326263429,"y":1.0053467750549317,"z":1.0327359437942505},"rotation":{"x":0.05078797787427902,"y":0.6408910751342773,"z":-0.042561229318380359,"w":0.7647665143013},"size":5.635534286499023,"orthographic":false}