{"cameraMode":{"drawMode":0,"name":"Shaded","section":"Shading Mode"},"sceneLighting":false,"audioPlay":false,"sceneViewState":{"showFog":true,"showMaterialUpdate":false,"showSkybox":true,"showFlares":true,"showImageEffects":true,"showParticleSystems":true},"in2DMode":false,"pivot":{"x":0.0901336669921875,"y":1.2357406616210938,"z":0.17910420894622804},"rotation":{"x":0.22459161281585694,"y":0.19564710557460786,"z":-0.046081021428108218,"w":0.9534974098205566},"size":2.022878885269165,"orthographic":false}