{"cameraMode":{"drawMode":0,"name":"Shaded","section":"Shading Mode"},"sceneLighting":false,"audioPlay":false,"sceneViewState":{"showFog":true,"showMaterialUpdate":false,"showSkybox":true,"showFlares":true,"showImageEffects":true,"showParticleSystems":true},"in2DMode":false,"pivot":{"x":4.311738014221191,"y":3.0149903297424318,"z":6.9062819480896},"rotation":{"x":0.07266177237033844,"y":0.7485862374305725,"z":0.0831991657614708,"w":-0.6537712216377258},"size":6.8501787185668949,"orthographic":false}