{"cameraMode":{"drawMode":0,"name":"Shaded","section":"Shading Mode"},"sceneLighting":true,"audioPlay":false,"sceneViewState":{"showFog":true,"showMaterialUpdate":false,"showSkybox":true,"showFlares":true,"showImageEffects":true,"showParticleSystems":true},"in2DMode":false,"pivot":{"x":-17.00050926208496,"y":8.899760246276856,"z":7.816868782043457},"rotation":{"x":-0.20875780284404756,"y":-0.24474523961544038,"z":0.05404631793498993,"w":-0.9453036785125732},"size":246.1683349609375,"orthographic":false}