{"cameraMode":{"drawMode":0,"name":"Shaded","section":"Shading Mode"},"sceneLighting":false,"audioPlay":false,"sceneViewState":{"showFog":true,"showMaterialUpdate":false,"showSkybox":true,"showFlares":true,"showImageEffects":true,"showParticleSystems":true},"in2DMode":false,"pivot":{"x":7.985100746154785,"y":1.3693913221359254,"z":5.93389368057251},"rotation":{"x":-0.020954925566911699,"y":0.8772717118263245,"z":-0.038459986448287967,"w":-0.4779917895793915},"size":4.265674591064453,"orthographic":false}