{"cameraMode":{"drawMode":0,"name":"Shaded","section":"Shading Mode"},"sceneLighting":false,"audioPlay":false,"sceneViewState":{"showFog":true,"showMaterialUpdate":false,"showSkybox":true,"showFlares":true,"showImageEffects":true,"showParticleSystems":true},"in2DMode":false,"pivot":{"x":6.922069072723389,"y":-2.030451774597168,"z":-0.1740114688873291},"rotation":{"x":0.1204996407032013,"y":0.7819011807441711,"z":-0.1595667004585266,"w":0.5904650092124939},"size":10.258755683898926,"orthographic":false}